Frame, Time, dT, U, U0, U1, U2, V, V0, V1, V2, T0, T1, T2, N, N0, N1, N2, mfp, mct, P0, P1, P2, P3, P4, P5, P6, P7, P8, P9, P10, P11, P12, P13, P14, P15, P16, P17, P18, P19
1,0,0,0,0,0,0,0,0,0,0,0,0,0,0,0,0,0,0,0,0,0,0,0,0,0,0,0,0,0,0,0,0,0,0,0,0,0,0,0
2,0,0.02,0,0,0,0,8000,4.000092,7996,0,NaN,NaN,NaN,0,0,0,0,NaN,NaN,0,0,0,0,0,0,0,0,0,0,0,0,0,0,0,0,0,0,0,0
3,0.02,0.02,0,0,0,0,8000,4.000092,7996,0,NaN,0,NaN,50000,0,50000,0,0.0005553852,0.000288999,0,0,0,0,0,0,0,0,0,0,0,0,0,0,0,0,0,0,0,0
4,0.3005723,0.2805723,9977.594,0,9977.594,0,8000,4.000092,7996,0,NaN,9.6353E+14,NaN,50000,0,50000,0,0.001205134,0.0006176626,0,0,0,0,0,0,0,0,0,0,0,0,0,0,0,0,0,0,0,0
5,0.4604348,0.1598625,9977.595,0,9977.595,0,8000,4.000092,7996,0,NaN,9.635301E+14,NaN,50000,0,50000,0,0.002061601,0.001051323,0,0,0,0,0,0,0,0,0,0,0,0,0,0,0,0,0,0,0,0
6,0.5028263,0.0423915,9977.594,0,9977.594,0,8000,4.000092,7996,0,NaN,9.6353E+14,NaN,50000,0,50000,0,0.003277391,0.001666673,0,0,0,0,0,0,0,0,0,0,0,0,0,0,0,0,0,0,0,0
7,0.5316382,0.0288119,9977.603,0,9977.603,0,8000,4.000092,7996,0,NaN,9.635308E+14,NaN,50000,0,50000,0,0.004832229,0.002427037,0,0,0,0,0,0,0,0,0,0,0,0,0,0,0,0,0,0,0,0
8,0.6172293,0.0855911,9977.602,0,9977.602,0,8000,4.000092,7996,0,NaN,9.635307E+14,NaN,50000,0,50000,0,0.006765956,0.003409032,0,0,0,0,0,0,0,0,0,0,0,0,0,0,0,0,0,0,0,0
9,0.6436033,0.026374,9977.598,0,9977.598,0,8000,4.000092,7996,0,NaN,9.635303E+14,NaN,50000,0,50000,0,0.008899041,0.004490375,0,0,0,0,0,0,0,0,0,0,0,0,0,0,0,0,0,0,0,0
10,0.6704545,0.0268512,9977.595,0,9977.595,0,8000,4.000092,7996,0,NaN,9.635301E+14,NaN,50000,0,50000,0,0.01126195,0.005680704,0,0,0,0,0,0,0,0,0,0,0,0,0,0,0,0,0,0,0,0
11,0.6968391,0.0263846,9977.59,0,9977.59,0,8000,4.000092,7996,0,NaN,9.635296E+14,NaN,50000,0,50000,0,0.0139622,0.007049667,0,0,0,0,0,0,0,0,0,0,0,0,0,0,0,0,0,0,0,0
12,0.7232486,0.0264095,9977.578,0,9977.578,0,8000,4.000092,7996,0,NaN,9.635285E+14,NaN,50000,0,50000,0,0.01667852,0.0084193,0,0,0,0,0,0,0,0,0,0,0,0,0,0,0,0,0,0,0,0
13,0.7496846,0.026436,9977.576,0,9977.576,0,8000,4.000092,7996,0,NaN,9.635283E+14,NaN,50000,0,50000,0,0.01982604,0.01004923,0,0,0,0,0,0,0,0,0,0,0,0,0,0,0,0,0,0,0,0
14,0.7760867,0.0264021,9977.577,0,9977.577,0,8000,4.000092,7996,0,NaN,9.635284E+14,NaN,50000,0,50000,0,0.02300716,0.01167289,0,0,0,0,0,0,0,0,0,0,0,0,0,0,0,0,0,0,0,0
15,0.8028138,0.0267271,9977.583,0,9977.583,0,8000,4.000092,7996,0,NaN,9.635289E+14,NaN,50000,0,50000,0,0.02701245,0.0136836,0,0,0,0,0,0,0,0,0,0,0,0,0,0,0,0,0,0,0,0
16,0.829326,0.0265122,9977.591,0,9977.591,0,8000,4.000092,7996,0,NaN,9.635297E+14,NaN,50000,0,50000,0,0.03056469,0.01553596,0,0,0,0,0,0,0,0,0,0,0,0,0,0,0,0,0,0,0,0
17,0.8560039,0.0266779,9977.59,0,9977.59,0,8000,4.000092,7996,0,NaN,9.635296E+14,NaN,50000,0,50000,0,0.03465831,0.01769295,0,0,0,0,0,0,0,0,0,0,0,0,0,0,0,0,0,0,0,0
18,0.8825021,0.0264982,9977.588,0,9977.588,0,8000,4.000092,7996,0,NaN,9.635294E+14,NaN,50000,0,50000,0,0.03882224,0.01980294,0,0,0,0,0,0,0,0,0,0,0,0,0.1106611,0,0,0,0,0,0,0
19,0.9087765,0.0262744,9977.578,0,9977.578,0,8000,4.000092,7996,0,NaN,9.635285E+14,NaN,50000,0,50000,0,0.04336469,0.02208831,0,0,0,0,0,0,0,0,0,0,0,0,0.1105253,0,0,0,0,0,0,0
20,0.9355769,0.0268004,9977.58,0,9977.58,0,8000,4.000092,7996,0,NaN,9.635287E+14,NaN,50000,0,50000,0,0.04813705,0.02451573,0,0,0,0,0,0,0,0,0,0,0,0,0.1693988,0,0,0,0,0,0,0
21,0.9617277,0.0261508,9977.573,0,9977.573,0,8000,4.000092,7996,0,NaN,9.63528E+14,NaN,50000,0,50000,0,0.05374871,0.02733908,0,0,0,0,0,0,0,0,0,0,0,0,0.3557849,0,0,0,0,0,0,0
22,0.9878709,0.0261432,9977.581,0,9977.581,0,8000,4.000092,7996,0,NaN,9.635288E+14,NaN,50000,0,50000,0,0.05896424,0.02996489,0,0,0,0,0,0,0,0,0,0,0,0,0.2423764,0,0,0,0,0,0,0
23,1.013854,0.025983,9977.581,0,9977.581,0,8000,4.000092,7996,0,NaN,9.635288E+14,NaN,50000,0,50000,0,0.06447589,0.03280087,0,0,0,0,0,0,0,0,0,0,0,0,0.4423502,0,0,0,0,0,0,0
24,1.040817,0.0269626,9977.583,0,9977.583,0,8000,4.000092,7996,0,NaN,9.635289E+14,NaN,50000,0,50000,0,0.06939265,0.03526334,0,0,0,0,0,0,0.05799278,0,0,0,0,0,0.58532,0,0,0,0,0,0,0
25,1.067258,0.026442,9977.58,0,9977.58,0,8000,4.000092,7996,0,NaN,9.635287E+14,NaN,50000,0,50000,0,0.0752136,0.03821538,0,0,0,0,0,0,0,0,0,0,0,0,0.449494,0,0,0,0,0,0.05291558,0
26,1.093657,0.0263988,9977.587,0,9977.587,0,8000,4.000092,7996,0,NaN,9.635293E+14,NaN,50000,0,50000,0,0.08060437,0.0409276,0,0,0,0,0,0,0,0,0,0,0,0,0.4167099,0,0,0,0,0,0,0
27,1.120605,0.0269482,9977.589,0,9977.589,0,8000,4.000092,7996,0,NaN,9.635295E+14,NaN,50000,0,50000,0,0.08695228,0.04419178,0,0,0,0,0,0,0,0,0,0,0,0,0.288897,0,0,0,0,0,0,0
28,1.146799,0.0261932,9977.582,0,9977.582,0,8000,4.000092,7996,0,NaN,9.635289E+14,NaN,50000,0,50000,0,0.09257049,0.04708386,0,0,0,0,0,0,0,0,0,0,0,0,0.3191011,0,0,0,0,0,0,0
29,1.173436,0.026637,9977.578,0,9977.578,0,8000,4.000092,7996,0,NaN,9.635285E+14,NaN,50000,0,50000,0,0.09810524,0.04988039,0,0,0,0,0,0,0,0,0,0,0,0,0.4343795,0,0,0,0,0,0.04674855,0
30,1.199926,0.0264908,9977.583,0,9977.583,0,8000,4.000092,7996,0,NaN,9.635289E+14,NaN,50000,0,50000,0,0.1042963,0.05297955,0,0,0,0,0,0,0,0,0,0,0,0,0.7285086,0,0,0,0,0,0,0
31,1.225976,0.0260497,9977.59,0,9977.59,0,8000,4.000092,7996,0,NaN,9.635296E+14,NaN,50000,0,50000,0,0.1106959,0.05622277,0,0,0,0,0,0,0,0,0,0,0,0.05778887,0.4636438,0,0,0,0,0,0,0
32,1.252677,0.0267009,9977.586,0,9977.586,0,8000,4.000092,7996,0,NaN,9.635293E+14,NaN,50000,0,50000,0,0.1176949,0.05972807,0,0,0,0,0,0,0.03726917,0,0,0,0,0,0.5029054,0,0,0,0,0,0,0
33,1.278798,0.0261204,9977.585,0,9977.585,0,8000,4.000092,7996,0,NaN,9.635291E+14,NaN,50000,0,50000,0,0.1253253,0.06359196,0,0,0,0,0,0,0.1519689,0,0,0,0.03796329,0.04175284,0.5418501,0,0,0,0,0,0.05040106,0
34,1.304759,0.0259614,9977.584,0,9977.584,0,8000,4.000092,7996,0,NaN,9.635291E+14,NaN,50000,0,50000,0,0.1332485,0.06761923,0,0,0,0,0,0,0.148524,0,0,0,0.3732634,0.1618243,0.5231146,0,0,0,0,0,0.07549313,0
35,1.331653,0.0268938,9977.583,0,9977.583,0,8000,4.000092,7996,0,NaN,9.635289E+14,NaN,50000,0,50000,0,0.1402658,0.07117141,0,0,0,0,0,0,0.0367242,0,0,0,0.07272043,0,0.4056235,0,0,0,0,0,0.1046416,0
36,1.358259,0.0266067,9977.589,0,9977.589,0,8000,4.000092,7996,0,NaN,9.635295E+14,NaN,50000,0,50000,0,0.1482065,0.07513236,0,0,0,0,0,0,0.171995,0,0,0,0.1571742,0.1142981,0.2904918,0,0,0,0,0,0.2840994,0
37,1.385346,0.0270869,9977.588,0,9977.588,0,8000,4.000092,7996,0,NaN,9.635294E+14,NaN,50000,0,50000,0,0.1551833,0.07861414,0,0,0,0,0,0,0.3459755,0,0,0,0.1356083,0.2155196,0.7576101,0,0,0,0,0,0.2016527,0
38,1.412595,0.0272491,9977.591,0,9977.591,0,8000,4.000092,7996,0,NaN,9.635297E+14,NaN,50000,0,50000,0,0.1637722,0.08290316,0,0,0,0,0,0,0.2380627,0,0,0,0.1076779,0.2003991,0.4814705,0,0,0,0,0,0.3586479,0
39,1.438982,0.0263865,9977.597,0,9977.597,0,8000,4.000092,7996,0,NaN,9.635303E+14,NaN,50000,0,50000,0,0.1720802,0.08713096,0,0,0,0,0,0,0.2343924,0,0,0,0.3082938,0.2845847,0.5435001,0,0,0,0,0,0.1755615,0
40,1.465579,0.0265968,9977.595,0,9977.595,0,8000,4.000092,7996,0,NaN,9.635301E+14,NaN,50000,0,50000,0,0.1806236,0.09143417,0,0,0,0,0,0,0.2985325,0,0,0,0.5201587,0.3040057,0.5879345,0,0,0,0,0,0.384871,0
41,1.491817,0.0262388,9977.601,0,9977.601,0,8000,4.000092,7996,0,NaN,9.635307E+14,NaN,50000,0,50000,0,0.1896142,0.09604775,0,0,0,0,0,0,0.3891529,0,0,0,0.1959331,0.3424768,0.5865426,0,0,0,0,0,0.384973,0
42,1.518721,0.0269031,9977.596,0,9977.596,0,8000,4.000092,7996,0,NaN,9.635302E+14,NaN,50000,0,50000,0,0.1996593,0.101083,0,0,0,0,0,0,0.4464805,0,0,0,0.2828357,0.3637475,0.6316779,0,0,0,0,0,0.3351889,0
43,1.545196,0.0264756,9977.6,0,9977.6,0,8000,4.000092,7996,0,NaN,9.635305E+14,NaN,50000,0,50000,0,0.2098438,0.106179,0,0,0,0,0,0,0.4181103,0,0,0,0.5782666,0.3371277,0.6690638,0,0,0,0,0,0.3733944,0
44,1.571498,0.0263014,9977.594,0,9977.594,0,8000,4.000092,7996,0,NaN,9.6353E+14,NaN,50000,0,50000,0,0.2191189,0.110829,0,0,0,0,0,0,0.4689983,0,0,0,0.632996,0.4552271,0.5887052,0.05306741,0,0,0,0,0.2592003,0
45,1.59807,0.0265722,9977.598,0,9977.598,0,8000,4.000092,7996,0,NaN,9.635303E+14,NaN,50000,0,50000,0,0.2294554,0.1159709,0,0,0,0,0,0,0.4708451,0,0,0,0.4213379,0.234924,0.521359,0,0,0,0,0,0.3033908,0
46,1.62411,0.0260402,9977.597,0,9977.597,0,8000,4.000092,7996,0,NaN,9.635303E+14,NaN,50000,0,50000,0,0.2388258,0.1204897,0,0,0,0,0,0,0.6306159,0,0,0,0.4741554,0.3762677,0.4419337,0.04504642,0,0,0,0,0.2453959,0
47,1.650588,0.0264778,9977.605,0,9977.605,0,8000,4.000092,7996,0,NaN,9.635312E+14,NaN,50000,0,50000,0,0.2500679,0.1259357,0,0,0,0,0,0,0.4888204,0,0,0,0.56634,0.4429331,0.7761267,0,0,0,0,0,0.5245495,0
48,1.676752,0.0261638,9977.598,0,9977.598,0,8000,4.000092,7996,0,NaN,9.635303E+14,NaN,50000,0,50000,0,0.2624198,0.1320353,0,0,0,0,0,0,0.4978341,0,0,0,0.3006286,0.6368431,0.6394487,0,0,0,0,0,0.2936258,0
49,1.70285,0.0260983,9977.603,0,9977.603,0,8000,4.000092,7996,0,NaN,9.635308E+14,NaN,50000,0,50000,0,0.2719301,0.1368705,0,0,0,0,0,0,0.3050109,0,0,0,0.324959,0.3725905,0.4279115,0.1584437,0,0,0,0,0.4458008,0
50,1.729051,0.0262014,9977.602,0,9977.602,0,8000,4.000092,7996,0,NaN,9.635307E+14,NaN,50000,0,50000,0,0.2818926,0.1418345,0,0,0,0,0,0,0.4344895,0,0,0,0.3028947,0.3094206,0.4105836,0.1117266,0,0,0,0,0.3542991,0
51,1.755648,0.0265962,9977.596,0,9977.596,0,8000,4.000092,7996,0,NaN,9.635302E+14,NaN,50000,0,50000,0,0.2917385,0.1466316,0,0,0,0,0,0,0.5021964,0,0,0,0.5218706,0.6286404,0.451334,0.1096618,0,0,0,0,0.459889,0
52,1.782189,0.0265411,9977.593,0,9977.593,0,8000,4.000092,7996,0,NaN,9.635299E+14,NaN,50000,0,50000,0,0.3029135,0.1521863,0,0,0,0,0,0,0.5836473,0,0,0,0.3039743,0.2123034,0.6853726,0.2262127,0,0,0,0,0.2164638,0
53,1.808363,0.0261743,9977.596,0,9977.596,0,8000,4.000092,7996,0,NaN,9.635302E+14,NaN,50000,0,50000,0,0.3150404,0.1582972,0,0,0,0,0,0,0.6711875,0,0,0,0.565585,0.5221798,0.7317309,0.2680253,0,0,0,0,0.5203601,0
54,1.835141,0.0267783,9977.599,0,9977.599,0,8000,4.000092,7996,0,NaN,9.635305E+14,NaN,50000,0,50000,0,0.327479,0.1644567,0,0,0,0,0,0,0.5108874,0,0,0,0.5458688,0.636519,0.5458258,0.3191046,0,0,0,0,0.2900153,0
55,1.861579,0.0264374,9977.596,0,9977.596,0,8000,4.000092,7996,0,NaN,9.635302E+14,NaN,50000,0,50000,0,0.3383511,0.1699496,0,0,0,0,0,0,0.4315155,0,0,0,0.5451145,0.559816,0.5139465,0.3536774,0,0,0,0,0.3493213,0
56,1.887891,0.0263124,9977.589,0,9977.589,0,8000,4.000092,7996,0,NaN,9.635295E+14,NaN,50000,0,50000,0,0.3495572,0.1754815,0,0,0,0,0,0,0.6153176,0,0,0,0.447877,0.7072081,0.6722116,0.1032786,0,0,0,0,0.622627,0
57,1.914023,0.0261321,9977.586,0,9977.586,0,8000,4.000092,7996,0,NaN,9.635293E+14,NaN,50000,0,50000,0,0.3608935,0.1811045,0,0,0,0,0,0,0.4993309,0,0,0,0.6698343,0.504521,0.5949957,0.2712532,0,0,0,0,0.5431628,0
58,1.94037,0.0263468,9977.592,0,9977.592,0,8000,4.000092,7996,0,NaN,9.635298E+14,NaN,50000,0,50000,0,0.3730534,0.1872996,0,0,0,0,0,0,0.4284201,0,0,0,0.4590319,0.7300872,0.4715316,0.1323321,0,0,0,0,0.4322279,0
59,1.967685,0.027315,9977.588,0,9977.588,0,8000,4.000092,7996,0,NaN,9.635294E+14,NaN,50000,0,50000,0,0.3844749,0.192958,0,0,0,0,0,0,0.5685402,0,0,0,0.5320405,0.320144,0.6942396,0.2851415,0,0,0,0,0.3681157,0
60,1.994328,0.0266426,9977.588,0,9977.588,0,8000,4.000092,7996,0,NaN,9.635294E+14,NaN,50000,0,50000,0,0.3936473,0.1975389,0,0,0,0,0,0,0.4668743,0,0,0,0.3625498,0.3460928,0.5409483,0.1589794,0,0,0,0,0.4081397,0
61,2.020552,0.0262247,9977.598,0,9977.598,0,8000,4.000092,7996,0,NaN,9.635303E+14,NaN,50000,0,50000,0,0.4047307,0.2030432,0,0,0,0,0,0,0.5531238,0,0,0,0.4187736,0.2321223,0.77366,0.5093722,0,0,0,0,0.4417454,0
62,2.046678,0.0261258,9977.599,0,9977.599,0,8000,4.000092,7996,0,NaN,9.635305E+14,NaN,50000,0,50000,0,0.4165503,0.2089065,0,0,0,0,0,0,0.6767262,0,0,0,0.526144,0.4378082,0.4690826,0.203865,0,0,0,0,0.3917713,0
63,2.073134,0.0264561,9977.596,0,9977.596,0,8000,4.000092,7996,0,NaN,9.635302E+14,NaN,50000,0,50000,0,0.4300142,0.2157651,0,0,0,0,0,0,0.6500386,0,0,0,0.6159263,0.5947899,0.6268114,0.4928733,0,0,0,0,0.7843475,0
64,2.09927,0.0261355,9977.598,0,9977.598,0,8000,4.000092,7996,0,NaN,9.635303E+14,NaN,50000,0,50000,0,0.4424301,0.2220688,0,0,0,0,0,0,0.4790008,0,0,0,0.31886,0.656961,0.3636233,0.5583297,0,0,0,0,0.55281,0
65,2.125475,0.0262052,9977.594,0,9977.594,0,8000,4.000092,7996,0,NaN,9.6353E+14,NaN,50000,0,50000,0,0.4541393,0.2278185,0,0,0,0,0,0,0.4778249,0,0,0,0.545678,0.7403295,0.5027289,0.5385789,0,0,0,0,0.4687938,0
66,2.152625,0.0271504,9977.584,0,9977.584,0,8000,4.000092,7996,0,NaN,9.635291E+14,NaN,50000,0,50000,0,0.4658781,0.2335054,0,0,0,0,0,0,0.6042802,0,0,0,0.6874577,0.4290262,0.9257489,0.3464261,0,0,0,0,0.4874185,0
67,2.17893,0.0263043,9977.577,0,9977.577,0,8000,4.000092,7996,0,NaN,9.635284E+14,NaN,50000,0,50000,0,0.478037,0.2396352,0,0,0,0,0,0,0.3918786,0,0,0,0.8911341,0.4162726,0.8964552,0.5308009,0,0,0,0,0.6033292,0
68,2.205362,0.026432,9977.581,0,9977.581,0,8000,4.000092,7996,0,NaN,9.635288E+14,NaN,50000,0,50000,0,0.4885083,0.2450092,0,0,0,0,0,0,0.5302163,0,0,0,0.5558363,0.286935,0.3708047,0.2835373,0,0,0,0,0.2581574,0
69,2.231641,0.0262791,9977.581,0,9977.581,0,8000,4.000092,7996,0,NaN,9.635288E+14,NaN,50000,0,50000,0,0.5016078,0.2513079,0,0,0,0,0,0,0.3512273,0,0,0,0.604223,1.120003,0.7424998,0.3149881,0,0,0,0,0.5376023,0
70,2.258573,0.0269324,9977.586,0,9977.586,0,8000,4.000092,7996,0,NaN,9.635293E+14,NaN,50000,0,50000,0,0.5136724,0.2572899,0,0,0,0,0,0,0.6007331,0,0,0,0.4338655,0.7727939,0.7699426,0.3959724,0,0,0,0,0.4673404,0
71,2.284408,0.0258348,9977.594,0,9977.594,0,8000,4.000092,7996,0,NaN,9.6353E+14,NaN,50000,0,50000,0,0.5262631,0.2635416,0,0,0,0,0,0,0.4527258,0,0,0,0.4430313,0.5480592,0.4754911,0.3876457,0,0,0,0,0.5859626,0
72,2.310528,0.02612,9977.589,0,9977.589,0,8000,4.000092,7996,0,NaN,9.635295E+14,NaN,50000,0,50000,0,0.5400103,0.2704116,0,0,0,0,0,0,0.6440708,0,0,0,0.8197371,0.6889032,0.4612887,0.4170533,0,0,0,0,0.5201925,0
73,2.337143,0.026615,9977.588,0,9977.588,0,8000,4.000092,7996,0,NaN,9.635294E+14,NaN,50000,0,50000,0,0.5499656,0.2753503,0,0,0,0,0,0,0.4162428,0,0,0,0.5779771,0.6803173,0.429967,0.4958227,0,0,0,0,0.7180276,0
74,2.36364,0.0264973,9977.587,0,9977.587,0,8000,4.000092,7996,0,NaN,9.635293E+14,NaN,50000,0,50000,0,0.5632111,0.2819139,0,0,0,0,0,0,0.4439493,0,0,0,0.7204581,0.4695126,0.4341272,0.4654259,0,0,0,0,0.5923852,0
75,2.389807,0.0261673,9977.593,0,9977.593,0,8000,4.000092,7996,0,NaN,9.635299E+14,NaN,50000,0,50000,0,0.5749323,0.2878008,0,0,0,0,0,0,0.5593675,0,0,0,0.6471498,0.4809627,0.719135,0.3083017,0,0,0,0,0.6258875,0
76,2.416648,0.0268406,9977.594,0,9977.594,0,8000,4.000092,7996,0,NaN,9.6353E+14,NaN,50000,0,50000,0,0.5886747,0.2947426,0,0,0,0,0,0,0.3865891,0,0,0,0.5474666,0.607788,0.9054673,0.5447797,0,0,0,0,0.5713113,0
77,2.442766,0.0261181,9977.59,0,9977.59,0,8000,4.000092,7996,0,NaN,9.635296E+14,NaN,50000,0,50000,0,0.5999274,0.3003136,0,0,0,0,0,0,0.3893091,0,0,0,0.4952216,0.6341959,0.5446481,0.3722683,0,0,0,0,0.5541509,0
78,2.469465,0.0266992,9977.591,0,9977.591,0,8000,4.000092,7996,0,NaN,9.635297E+14,NaN,50000,0,50000,0,0.6146305,0.307664,0,0,0,0,0,0,0.5108715,0,0,0,0.5792025,0.5108219,0.5408458,0.5750366,0,0,0,0,0.3978865,0
79,2.495516,0.0260503,9977.582,0,9977.582,0,8000,4.000092,7996,0,NaN,9.635289E+14,NaN,50000,0,50000,0,0.6277313,0.3144448,0,0,0,0,0,0,0.6297426,0,0,0,0.4609918,0.675329,0.5802709,0.3892203,0,0,0,0,0.5512452,0
80,2.521708,0.0261924,9977.576,0,9977.576,0,8000,4.000092,7996,0,NaN,9.635283E+14,NaN,50000,0,50000,0,0.6397628,0.3204506,0,0,0,0,0,0,0.547968,0,0,0,0.7099419,0.5354729,0.5308382,0.4686308,0,0,0,0,0.6293588,0
81,2.548562,0.0268537,9977.568,0,9977.568,0,8000,4.000092,7996,0,NaN,9.635275E+14,NaN,50000,0,50000,0,0.6519471,0.3267448,0,0,0,0,0,0,0.6652902,0,0,0,0.6765279,0.336484,0.5472812,0.4628564,0,0,0,0,0.4938006,0
82,2.575178,0.026616,9977.565,0,9977.565,0,8000,4.000092,7996,0,NaN,9.635273E+14,NaN,50000,0,50000,0,0.664844,0.333178,0,0,0,0,0,0,0.5501584,0,0,0,0.8173127,0.6553029,0.5577625,0.4091588,0,0,0,0,0.464024,0
83,2.601668,0.0264904,9977.567,0,9977.567,0,8000,4.000092,7996,0,NaN,9.635275E+14,NaN,50000,0,50000,0,0.6771922,0.3394057,0,0,0,0,0,0,0.7107309,0,0,0,0.7152522,0.4294254,0.5044222,0.4638923,0,0,0,0,0.4197065,0
84,2.627961,0.0262929,9977.571,0,9977.571,0,8000,4.000092,7996,0,NaN,9.635278E+14,NaN,50000,0,50000,0,0.6890546,0.3455308,0,0,0,0,0,0,0.6012176,0,0,0,0.6267323,0.5959079,0.3184873,0.3632288,0,0,0,0,0.6207919,0
85,2.654337,0.0263759,9977.563,0,9977.563,0,8000,4.000092,7996,0,NaN,9.63527E+14,NaN,50000,0,50000,0,0.7031376,0.3529049,0,0,0,0,0,0,0.5773103,0,0,0,0.6887851,0.5083032,0.6114533,0.720614,0,0,0,0,0.707855,0
86,2.680251,0.0259137,9977.552,0,9977.552,0,8000,4.000092,7996,0,NaN,9.635259E+14,NaN,50000,0,50000,0,0.7138751,0.3583616,0,0,0,0,0,0,0.3727849,0,0,0,0.3012561,0.5241917,0.7177326,0.7002819,0,0,0,0,0.4119783,0
87,2.70652,0.0262691,9977.55,0,9977.55,0,8000,4.000092,7996,0,NaN,9.635258E+14,NaN,50000,0,50000,0,0.7279763,0.3658001,0,0,0,0,0,0,0.5181808,0,0,0,0.5833699,0.6834332,0.621973,0.5259422,0,0,0,0,0.5310367,0
88,2.73262,0.0261008,9977.553,0,9977.553,0,8000,4.000092,7996,0,NaN,9.635261E+14,NaN,50000,0,50000,0,0.7424312,0.3732855,0,0,0,0,0,0,0.8804736,0,0,0,0.6427263,0.7761353,0.3412176,0.5455469,0,0,0,0,0.572528,0
89,2.759011,0.0263903,9977.556,0,9977.556,0,8000,4.000092,7996,0,NaN,9.635263E+14,NaN,50000,0,50000,0,0.7568273,0.3803165,0,0,0,0,0,0,0.7735566,0,0,0,0.5448996,0.4901722,0.6992537,0.2199181,0,0,0,0,0.555089,0
90,2.785178,0.0261673,9977.557,0,9977.557,0,8000,4.000092,7996,0,NaN,9.635264E+14,NaN,50000,0,50000,0,0.7689675,0.386506,0,0,0,0,0,0,0.8296366,0,0,0,0.3473023,0.4497359,0.3519235,0.5992331,0,0,0,0,0.7307678,0
91,2.811321,0.026143,9977.554,0,9977.554,0,8000,4.000092,7996,0,NaN,9.635261E+14,NaN,50000,0,50000,0,0.7820609,0.393207,0,0,0,0,0,0,0.6072906,0,0,0,0.3858991,0.6671367,0.7025506,0.4849228,0,0,0,0,0.5025535,0
92,2.837529,0.0262079,9977.555,0,9977.555,0,8000,4.000092,7996,0,NaN,9.635263E+14,NaN,50000,0,50000,0,0.7954774,0.4000402,0,0,0,0,0,0,0.5326195,0,0,0,0.5802901,0.6469053,0.6841624,0.4981614,0,0,0,0,0.957039,0
93,2.863782,0.0262531,9977.557,0,9977.557,0,8000,4.000092,7996,0,NaN,9.635264E+14,NaN,50000,0,50000,0,0.8085122,0.4062931,0,0,0,0,0,0,0.7025706,0,0,0,0.6726888,0.7263969,0.423047,0.3236608,0,0,0,0,0.4001285,0
94,2.889853,0.0260705,9977.552,0,9977.552,0,8000,4.000092,7996,0,NaN,9.635259E+14,NaN,50000,0,50000,0,0.8206655,0.4124532,0,0,0,0,0,0,0.6040672,0,0,0,0.8876544,0.5506737,0.9181772,0.6146649,0,0,0,0,0.5870891,0
95,2.915932,0.0260795,9977.556,0,9977.556,0,8000,4.000092,7996,0,NaN,9.635263E+14,NaN,50000,0,50000,0,0.8335363,0.4191443,0,0,0,0,0,0,0.4641017,0,0,0,0.6854762,0.6138348,0.5430372,0.4539612,0,0,0,0,0.6217477,0
96,2.942107,0.0261752,9977.555,0,9977.555,0,8000,4.000092,7996,0,NaN,9.635263E+14,NaN,50000,0,50000,0,0.8476419,0.4263514,0,0,0,0,0,0,0.468494,0,0,0,0.5962633,0.8943258,0.3764734,0.5666363,0,0,0,0,0.6849098,0
97,2.968731,0.0266237,9977.549,0,9977.549,0,8000,4.000092,7996,0,NaN,9.635256E+14,NaN,50000,0,50000,0,0.859681,0.4326369,0,0,0,0,0,0,0.5904693,0,0,0,0.4435782,0.3698392,0.6015081,0.5259055,0,0,0,0,0.6209695,0
98,2.995042,0.0263111,9977.55,0,9977.55,0,8000,4.000092,7996,0,NaN,9.635258E+14,NaN,50000,0,50000,0,0.8732978,0.4397786,0,0,0,0,0,0,0.5610947,0,0,0,0.648757,0.7521369,0.4851588,0.7115945,0,0,0,0,0.552795,0
99,3.021205,0.0261629,9977.553,0,9977.553,0,8000,4.000092,7996,0,NaN,9.635261E+14,NaN,50000,0,50000,0,0.8855964,0.4461127,0,0,0,0,0,0,0.6081508,0,0,0,0.5659744,0.6509136,0.4144902,0.4260203,0,0,0,0,0.356696,0
100,3.047349,0.0261439,9977.556,0,9977.556,0,8000,4.000092,7996,0,NaN,9.635263E+14,NaN,50000,0,50000,0,0.8986077,0.4525228,0,0,0,0,0,0,0.6165515,0,0,0,0.3434316,0.6158063,0.4536552,0.5195254,0,0,0,0,0.5722159,0
101,3.07382,0.0264714,9977.553,0,9977.553,0,8000,4.000092,7996,0,NaN,9.635261E+14,NaN,50000,0,50000,0,0.9101223,0.4584081,0,0,0,0,0,0,0.5083765,0,0,0,0.5429479,0.7106283,0.5260893,0.5033361,0,0,0,0,0.5354824,0
102,3.100614,0.0267935,9977.553,0,9977.553,0,8000,4.000092,7996,0,NaN,9.635261E+14,NaN,50000,0,50000,0,0.9238248,0.4653952,0,0,0,0,0,0,0.7490828,0,0,0,0.6747821,0.632456,0.4942245,0.5661464,0,0,0,0,0.6342565,0
103,3.126917,0.0263032,9977.554,0,9977.554,0,8000,4.000092,7996,0,NaN,9.635261E+14,NaN,50000,0,50000,0,0.935601,0.4715404,0,0,0,0,0,0,0.5329018,0,0,0,0.7012619,0.651403,0.673834,0.3444504,0,0,0,0,0.4519997,0
104,3.154009,0.0270917,9977.559,0,9977.559,0,8000,4.000092,7996,0,NaN,9.635266E+14,NaN,50000,0,50000,0,0.9489561,0.4787743,0,0,0,0,0,0,0.4356367,0,0,0,0.4897842,0.423053,0.4366936,0.5257122,0,0,0,0,0.7044268,0
105,3.181433,0.027424,9977.557,0,9977.557,0,8000,4.000092,7996,0,NaN,9.635264E+14,NaN,50000,0,50000,0,0.9614092,0.484875,0,0,0,0,0,0,0.5776606,0,0,0,0.3677121,0.7916503,0.3841306,0.6399267,0,0,0,0,0.6983125,0
106,3.207493,0.0260599,9977.563,0,9977.563,0,8000,4.000092,7996,0,NaN,9.635271E+14,NaN,50000,0,50000,0,0.9732627,0.4912655,0,0,0,0,0,0,0.5939738,0,0,0,0.6517522,0.603402,0.7689523,0.6139303,0,0,0,0,0.7498437,0
107,3.233926,0.0264335,9977.563,0,9977.563,0,8000,4.000092,7996,0,NaN,9.635271E+14,NaN,50000,0,50000,0,0.984852,0.4973398,0,0,0,0,0,0,0.6739601,0,0,0,0.601171,0.6081191,0.5146591,0.5660412,0,0,0,0,0.5103623,0
108,3.260334,0.0264076,9977.567,0,9977.567,0,8000,4.000092,7996,0,NaN,9.635275E+14,NaN,50000,0,50000,0,0.9975466,0.5040448,0,0,0,0,0,0,0.6742473,0,0,0,0.4237432,0.6031806,0.5516735,0.4818021,0,0,0,0,0.801387,0
109,3.286296,0.025962,9977.566,0,9977.566,0,8000,4.000092,7996,0,NaN,9.635273E+14,NaN,50000,0,50000,0,1.010844,0.5108714,0,0,0,0,0,0,0.7109612,0,0,0,0.5652508,0.4616984,0.6065022,0.4803848,0,0,0,0,0.6924194,0
110,3.313569,0.0272729,9977.561,0,9977.561,0,8000,4.000092,7996,0,NaN,9.635268E+14,NaN,50000,0,50000,0,1.021876,0.5166476,0,0,0,0,0,0,0.6675929,0,0,0,0.4378809,0.5717887,0.6540537,0.1844648,0,0,0,0,0.5369897,0
111,3.340039,0.026471,9977.555,0,9977.555,0,8000,4.000092,7996,0,NaN,9.635263E+14,NaN,50000,0,50000,0,1.033974,0.5226634,0,0,0,0,0,0,0.4575597,0,0,0,0.4632517,0.5166423,0.5949641,0.4937053,0,0,0,0,0.5100114,0
112,3.366676,0.0266363,9977.551,0,9977.551,0,8000,4.000092,7996,0,NaN,9.635258E+14,NaN,50000,0,50000,0,1.045296,0.528423,0,0,0,0,0,0,0.3663826,0,0,0,0.4735248,0.441521,0.497566,0.6346836,0,0,0,0,0.6836717,0
113,3.3928,0.026124,9977.559,0,9977.559,0,8000,4.000092,7996,0,NaN,9.635266E+14,NaN,50000,0,50000,0,1.059733,0.5355,0,0,0,0,0,0,0.4699818,0,0,0,0.6629843,0.4740905,0.5211612,0.5391046,0,0,0,0,0.5864398,0
114,3.419408,0.0266076,9977.558,0,9977.558,0,8000,4.000092,7996,0,NaN,9.635265E+14,NaN,50000,0,50000,0,1.070792,0.5411531,0,0,0,0,0,0,0.6895209,0,0,0,0.5864844,0.4007283,0.434538,0.4425141,0,0,0,0,0.518361,0
115,3.445339,0.0259319,9977.56,0,9977.56,0,8000,4.000092,7996,0,NaN,9.635267E+14,NaN,50000,0,50000,0,1.082218,0.5470751,0,0,0,0,0,0,0.5006076,0,0,0,0.6468346,0.5222714,0.5930904,0.6244101,0,0,0,0,0.5066678,0
116,3.473106,0.0277663,9977.56,0,9977.56,0,8000,4.000092,7996,0,NaN,9.635267E+14,NaN,50000,0,50000,0,1.094899,0.5534884,0,0,0,0,0,0,0.6027203,0,0,0,0.6597981,0.7268612,0.5948909,0.6630312,0,0,0,0,0.4874086,0
117,3.500875,0.0277689,9977.565,0,9977.565,0,8000,4.000092,7996,0,NaN,9.635273E+14,NaN,50000,0,50000,0,1.109878,0.5609518,0,0,0,0,0,0,0.518294,0,0,0,0.5479983,0.6116215,0.763536,0.6766292,0,0,0,0,0.6722596,0
118,3.528495,0.0276201,9977.563,0,9977.563,0,8000,4.000092,7996,0,NaN,9.635271E+14,NaN,50000,0,50000,0,1.120414,0.5665509,0,0,0,0,0,0,0.4583001,0,0,0,0.6468022,0.6625786,0.3499579,0.4163201,0,0,0,0,0.5977157,0
119,3.556502,0.0280075,9977.56,0,9977.56,0,8000,4.000092,7996,0,NaN,9.635267E+14,NaN,50000,0,50000,0,1.132887,0.5731227,0,0,0,0,0,0,0.6238172,0,0,0,0.6521269,0.4362996,0.730701,0.4848112,0,0,0,0,0.7281312,0
120,3.584638,0.028136,9977.561,0,9977.561,0,8000,4.000092,7996,0,NaN,9.635268E+14,NaN,50000,0,50000,0,1.144672,0.5792803,0,0,0,0,0,0,0.5451282,0,0,0,0.7117041,0.7287508,0.4869418,0.5270275,0,0,0,0,0.4063244,0
121,3.611651,0.0270132,9977.568,0,9977.568,0,8000,4.000092,7996,0,NaN,9.635275E+14,NaN,50000,0,50000,0,1.156563,0.5855468,0,0,0,0,0,0,0.3857033,0,0,0,0.3465668,0.5302332,0.5451328,0.4348709,0,0,0,0,0.5097332,0
122,3.638463,0.026812,9977.567,0,9977.567,0,8000,4.000092,7996,0,NaN,9.635275E+14,NaN,50000,0,50000,0,1.169567,0.5921757,0,0,0,0,0,0,0.5676587,0,0,0,0.3135001,0.6175493,0.6864039,0.6166617,0,0,0,0,0.4879984,0
123,3.665027,0.0265635,9977.559,0,9977.559,0,8000,4.000092,7996,0,NaN,9.635266E+14,NaN,50000,0,50000,0,1.18104,0.5980178,0,0,0,0,0,0,0.5140469,0,0,0,0.5793992,0.5501434,0.6234182,0.6781965,0,0,0,0,0.3440115,0
124,3.691399,0.0263724,9977.566,0,9977.566,0,8000,4.000092,7996,0,NaN,9.635273E+14,NaN,50000,0,50000,0,1.196499,0.6059841,0,0,0,0,0,0,0.5347254,0,0,0,0.6111097,0.8400668,0.604829,0.5391839,0,0,0,0,0.6439133,0
125,3.717671,0.0262716,9977.565,0,9977.565,0,8000,4.000092,7996,0,NaN,9.635273E+14,NaN,50000,0,50000,0,1.208344,0.612422,0,0,0,0,0,0,0.4168345,0,0,0,0.6935306,0.5548714,0.5952591,0.4308067,0,0,0,0,0.5698435,0
126,3.743811,0.0261399,9977.568,0,9977.568,0,8000,4.000092,7996,0,NaN,9.635275E+14,NaN,50000,0,50000,0,1.22066,0.6188285,0,0,0,0,0,0,0.9657501,0,0,0,0.4559911,0.7583594,0.6209174,0.6337622,0,0,0,0,0.7206425,0
127,3.770024,0.0262132,9977.574,0,9977.574,0,8000,4.000092,7996,0,NaN,9.635281E+14,NaN,50000,0,50000,0,1.23329,0.6252245,0,0,0,0,0,0,0.5939459,0,0,0,0.64902,0.5815321,0.4537646,0.5571156,0,0,0,0,0.6046725,0
128,3.796338,0.0263144,9977.575,0,9977.575,0,8000,4.000092,7996,0,NaN,9.635282E+14,NaN,50000,0,50000,0,1.247693,0.6329552,0,0,0,0,0,0,0.7467676,0,0,0,0.53637,0.718706,0.6789296,0.8363718,0,0,0,0,0.6984358,0
129,3.823283,0.0269444,9977.57,0,9977.57,0,8000,4.000092,7996,0,NaN,9.635277E+14,NaN,50000,0,50000,0,1.261501,0.6399977,0,0,0,0,0,0,0.5531104,0,0,0,0.5496488,0.6531165,0.6051133,0.4006196,0,0,0,0,0.4562204,0
130,3.84932,0.0260368,9977.576,0,9977.576,0,8000,4.000092,7996,0,NaN,9.635283E+14,NaN,50000,0,50000,0,1.271835,0.6454996,0,0,0,0,0,0,0.9002018,0,0,0,0.715346,0.6849323,0.8341738,0.7355017,0,0,0,0,0.7055312,0
131,3.875337,0.026017,9977.576,0,9977.576,0,8000,4.000092,7996,0,NaN,9.635283E+14,NaN,50000,0,50000,0,1.281874,0.6509408,0,0,0,0,0,0,0.9220173,0,0,0,0.350367,0.5075749,0.5624942,0.6918846,0,0,0,0,0.5407116,0
132,3.901809,0.0264722,9977.569,0,9977.569,0,8000,4.000092,7996,0,NaN,9.635277E+14,NaN,50000,0,50000,0,1.294353,0.657106,0,0,0,0,0,0,0.4944904,0,0,0,0.6214524,0.6747799,0.4048948,0.6591914,0,0,0,0,0.4950156,0
133,3.927779,0.0259704,9977.569,0,9977.569,0,8000,4.000092,7996,0,NaN,9.635277E+14,NaN,50000,0,50000,0,1.30447,0.6623888,0,0,0,0,0,0,0.5392537,0,0,0,0.6095369,0.4373007,0.5837634,0.4411817,0,0,0,0,0.4093575,0
134,3.954052,0.0262728,9977.576,0,9977.576,0,8000,4.000092,7996,0,NaN,9.635283E+14,NaN,50000,0,50000,0,1.318431,0.669865,0,0,0,0,0,0,0.7299855,0,0,0,0.6095721,0.6419662,0.367007,0.5870603,0,0,0,0,0.5270727,0
135,3.979813,0.0257607,9977.578,0,9977.578,0,8000,4.000092,7996,0,NaN,9.635285E+14,NaN,50000,0,50000,0,1.332142,0.6771141,0,0,0,0,0,0,0.5867212,0,0,0,0.6129481,0.5095237,0.6343756,0.5188999,0,0,0,0,0.5568109,0
136,4.006036,0.0262238,9977.583,0,9977.583,0,8000,4.000092,7996,0,NaN,9.635289E+14,NaN,50000,0,50000,0,1.344765,0.6838182,0,0,0,0,0,0,0.4910393,0,0,0,0.5154111,0.5020084,0.5993688,0.638611,0,0,0,0,0.4877014,0
137,4.032621,0.0265851,9977.589,0,9977.589,0,8000,4.000092,7996,0,NaN,9.635295E+14,NaN,50000,0,50000,0,1.357837,0.6906935,0,0,0,0,0,0,0.8269147,0,0,0,0.4926253,0.6336486,0.6422401,0.3915694,0,0,0,0,0.9532385,0
138,4.058887,0.0262659,9977.596,0,9977.596,0,8000,4.000092,7996,0,NaN,9.635302E+14,NaN,50000,0,50000,0,1.367211,0.695646,0,0,0,0,0,0,0.4878995,0,0,0,0.4666557,0.609377,0.652943,0.3849188,0,0,0,0,0.6895169,0
139,4.085434,0.0265467,9977.593,0,9977.593,0,8000,4.000092,7996,0,NaN,9.635299E+14,NaN,50000,0,50000,0,1.378288,0.7016121,0,0,0,0,0,0,0.5929441,0,0,0,0.5305501,0.521032,0.7205521,0.8318831,0,0,0,0,0.607201,0
140,4.111525,0.0260907,9977.585,0,9977.585,0,8000,4.000092,7996,0,NaN,9.635291E+14,NaN,50000,0,50000,0,1.389779,0.7075391,0,0,0,0,0,0,0.6145438,0,0,0,0.5722531,0.5306016,0.6655156,0.5880623,0,0,0,0,0.566694,0
141,4.137474,0.0259486,9977.588,0,9977.588,0,8000,4.000092,7996,0,NaN,9.635294E+14,NaN,50000,0,50000,0,1.399196,0.7128124,0,0,0,0,0,0,0.455475,0,0,0,0.4323587,0.748546,0.47026,0.5062545,0,0,0,0,0.8021339,0
142,4.163677,0.0262039,9977.593,0,9977.593,0,8000,4.000092,7996,0,NaN,9.635299E+14,NaN,50000,0,50000,0,1.407748,0.7173309,0,0,0,0,0,0,0.7621148,0,0,0,0.2909371,0.6160637,0.5319412,0.4267199,0,0,0,0,0.4406743,0
143,4.189648,0.0259706,9977.586,0,9977.586,0,8000,4.000092,7996,0,NaN,9.635293E+14,NaN,50000,0,50000,0,1.419199,0.7234633,0,0,0,0,0,0,0.7568441,0,0,0,0.6158734,0.5452502,0.6030775,0.5798247,0,0,0,0,0.68274,0
144,4.216387,0.0267388,9977.586,0,9977.586,0,8000,4.000092,7996,0,NaN,9.635293E+14,NaN,50000,0,50000,0,1.431177,0.7300964,0,0,0,0,0,0,0.5855961,0,0,0,0.7085729,0.4985068,0.5611625,0.5678476,0,0,0,0,0.5172687,0
145,4.242691,0.0263041,9977.584,0,9977.584,0,8000,4.000092,7996,0,NaN,9.635291E+14,NaN,50000,0,50000,0,1.440405,0.7349042,0,0,0,0,0,0,0.4877424,0,0,0,0.3109501,0.3142352,0.5751747,0.5904741,0,0,0,0,0.6070976,0
146,4.269403,0.0267117,9977.582,0,9977.582,0,8000,4.000092,7996,0,NaN,9.635289E+14,NaN,50000,0,50000,0,1.453334,0.7417236,0,0,0,0,0,0,0.5284702,0,0,0,0.6605751,0.3999,0.8441681,0.6664315,0,0,0,0,0.4746214,0
147,4.295581,0.0261785,9977.579,0,9977.579,0,8000,4.000092,7996,0,NaN,9.635286E+14,NaN,50000,0,50000,0,1.464485,0.7476823,0,0,0,0,0,0,0.7293582,0,0,0,0.9442286,0.6051757,0.4769271,0.5257854,0,0,0,0,0.7345213,0
148,4.321645,0.0260637,9977.584,0,9977.584,0,8000,4.000092,7996,0,NaN,9.635291E+14,NaN,50000,0,50000,0,1.474005,0.7529418,0,0,0,0,0,0,0.5277014,0,0,0,0.5792976,0.7764828,0.6788454,0.7286881,0,0,0,0,0.2872247,0
149,4.348145,0.0265005,9977.585,0,9977.585,0,8000,4.000092,7996,0,NaN,9.635291E+14,NaN,50000,0,50000,0,1.485925,0.7594146,0,0,0,0,0,0,0.5363505,0,0,0,0.7884251,0.6794915,0.4416233,0.7859133,0,0,0,0,0.4978027,0
150,4.373985,0.0258399,9977.595,0,9977.595,0,8000,4.000092,7996,0,NaN,9.635301E+14,NaN,50000,0,50000,0,1.4958,0.7649426,0,0,0,0,0,0,0.522607,0,0,0,0.4866582,0.6779409,0.5060785,0.5695248,0,0,0,0,0.6308803,0
151,4.400703,0.0267184,9977.594,0,9977.594,0,8000,4.000092,7996,0,NaN,9.6353E+14,NaN,50000,0,50000,0,1.505472,0.7700046,0,0,0,0,0,0,0.4743051,0,0,0,0.6903281,0.5901485,0.526288,0.5287383,0,0,0,0,0.4064842,0
152,4.427189,0.0264856,9977.597,0,9977.597,0,8000,4.000092,7996,0,NaN,9.635303E+14,NaN,50000,0,50000,0,1.515388,0.7755848,0,0,0,0,0,0,0.9737731,0,0,0,0.677937,0.6692598,0.5847216,0.6388504,0,0,0,0,0.4014382,0
153,4.453392,0.0262024,9977.598,0,9977.598,0,8000,4.000092,7996,0,NaN,9.635303E+14,NaN,50000,0,50000,0,1.524858,0.7806692,0,0,0,0,0,0,0.6104603,0,0,0,0.671173,0.5392306,0.7561797,0.5160525,0,0,0,0,0.6844282,0
154,4.48027,0.026879,9977.598,0,9977.598,0,8000,4.000092,7996,0,NaN,9.635303E+14,NaN,50000,0,50000,0,1.535592,0.7864211,0,0,0,0,0,0,0.6239491,0,0,0,0.6239792,0.4908049,0.578716,0.6347165,0,0,0,0,0.4680236,0
155,4.506284,0.0260138,9977.6,0,9977.6,0,8000,4.000092,7996,0,NaN,9.635305E+14,NaN,50000,0,50000,0,1.544834,0.7914684,0,0,0,0,0,0,0.5833172,0,0,0,0.3773003,0.6343011,0.8426604,0.6425481,0,0,0,0,0.2791248,0
156,4.532586,0.026301,9977.598,0,9977.598,0,8000,4.000092,7996,0,NaN,9.635303E+14,NaN,50000,0,50000,0,1.552995,0.7959847,0,0,0,0,0,0,0.6229826,0,0,0,0.4683577,0.409008,0.6764668,0.5863934,0,0,0,0,0.3235535,0
157,4.558574,0.0259885,9977.598,0,9977.598,0,8000,4.000092,7996,0,NaN,9.635303E+14,NaN,50000,0,50000,0,1.565218,0.802704,0,0,0,0,0,0,0.5964305,0,0,0,0.4768743,0.4735473,0.7018365,0.450243,0,0,0,0,0.8524892,0
158,4.585211,0.026637,9977.604,0,9977.604,0,8000,4.000092,7996,0,NaN,9.635309E+14,NaN,50000,0,50000,0,1.575111,0.8081295,0,0,0,0,0,0,0.3306402,0,0,0,0.4024536,0.5174324,0.4494364,0.4996148,0,0,0,0,0.5881686,0
159,4.611426,0.026215,9977.603,0,9977.603,0,8000,4.000092,7996,0,NaN,9.635308E+14,NaN,50000,0,50000,0,1.587529,0.8147701,0,0,0,0,0,0,0.6926317,0,0,0,0.6437199,0.50952,0.5265096,0.6579145,0,0,0,0,0.9941524,0
160,4.637388,0.0259623,9977.612,0,9977.612,0,8000,4.000092,7996,0,NaN,9.635318E+14,NaN,50000,0,50000,0,1.593891,0.8184187,0,0,0,0,0,0,0.5139955,0,0,0,0.5967525,0.6216097,0.5254968,0.5579827,0,0,0,0,0.4811906,0
161,4.663198,0.0258104,9977.625,0,9977.625,0,8000,4.000092,7996,0,NaN,9.63533E+14,NaN,50000,0,50000,0,1.603966,0.8235065,0,0,0,0,0,0,0.6271705,0,0,0,0.6658517,0.5065172,0.6388659,0.5388151,0,0,0,0,0.7276438,0
162,4.689262,0.0260633,9977.631,0,9977.631,0,8000,4.000092,7996,0,NaN,9.635336E+14,NaN,50000,0,50000,0,1.615429,0.8295516,0,0,0,0,0,0,0.5852399,0,0,0,0.4690879,0.5434004,0.5244408,0.6185532,0,0,0,0,0.5767428,0
163,4.715885,0.0266231,9977.635,0,9977.635,0,8000,4.000092,7996,0,NaN,9.63534E+14,NaN,50000,0,50000,0,1.625312,0.8348696,0,0,0,0,0,0,0.4634438,0,0,0,0.5264967,0.5148391,0.5508512,0.410785,0,0,0,0,0.4206912,0
164,4.742122,0.0262374,9977.634,0,9977.634,0,8000,4.000092,7996,0,NaN,9.635338E+14,NaN,50000,0,50000,0,1.634272,0.839791,0,0,0,0,0,0,0.509845,0,0,0,0.6006951,0.5162047,0.283819,0.5381034,0,0,0,0,0.7057909,0
165,4.768421,0.0262982,9977.635,0,9977.635,0,8000,4.000092,7996,0,NaN,9.63534E+14,NaN,50000,0,50000,0,1.641105,0.8435468,0,0,0,0,0,0,0.6599849,0,0,0,0.7226385,0.6642438,0.6799148,0.3832376,0,0,0,0,0.5935808,0
166,4.794494,0.0260732,9977.632,0,9977.632,0,8000,4.000092,7996,0,NaN,9.635337E+14,NaN,50000,0,50000,0,1.65073,0.8490036,0,0,0,0,0,0,0.5407401,0,0,0,0.7843335,0.5180727,0.5565947,0.6214421,0,0,0,0,0.7399263,0
167,4.820707,0.0262133,9977.628,0,9977.628,0,8000,4.000092,7996,0,NaN,9.635333E+14,NaN,50000,0,50000,0,1.661791,0.8548917,0,0,0,0,0,0,0.5834643,0,0,0,0.8455915,0.9027617,0.3632151,0.7160352,0,0,0,0,0.544356,0
168,4.846703,0.025996,9977.627,0,9977.627,0,8000,4.000092,7996,0,NaN,9.635332E+14,NaN,50000,0,50000,0,1.6726,0.860547,0,0,0,0,0,0,0.4968103,0,0,0,0.5249484,0.6362759,0.744297,0.8436868,0,0,0,0,0.5770386,0
169,4.873096,0.0263923,9977.624,0,9977.624,0,8000,4.000092,7996,0,NaN,9.635329E+14,NaN,50000,0,50000,0,1.68269,0.8657858,0,0,0,0,0,0,0.6953696,0,0,0,0.4104534,0.4007837,0.371447,0.5901763,0,0,0,0,0.6081676,0
170,4.899507,0.026411,9977.626,0,9977.626,0,8000,4.000092,7996,0,NaN,9.635331E+14,NaN,50000,0,50000,0,1.692763,0.8713185,0,0,0,0,0,0,0.4733562,0,0,0,0.5138612,0.46571,0.2939586,0.6668486,0,0,0,0,0.5358328,0
171,4.925448,0.025942,9977.622,0,9977.622,0,8000,4.000092,7996,0,NaN,9.635328E+14,NaN,50000,0,50000,0,1.70705,0.8789191,0,0,0,0,0,0,0.6469339,0,0,0,0.5897381,0.8733761,0.6998456,0.6746704,0,0,0,0,0.5750986,0
172,4.952051,0.026603,9977.623,0,9977.623,0,8000,4.000092,7996,0,NaN,9.635328E+14,NaN,50000,0,50000,0,1.717221,0.8842437,0,0,0,0,0,0,0.4411657,0,0,0,0.5559949,0.6858675,0.9336563,0.5907549,0,0,0,0,0.6210139,0
173,4.978129,0.0260779,9977.624,0,9977.624,0,8000,4.000092,7996,0,NaN,9.635329E+14,NaN,50000,0,50000,0,1.727906,0.8901433,0,0,0,0,0,0,0.6348011,0,0,0,0.4884245,0.4564051,0.3845537,0.4750991,0,0,0,0,0.5405396,0
174,5.004407,0.0262778,9977.62,0,9977.62,0,8000,4.000092,7996,0,NaN,9.635326E+14,NaN,50000,0,50000,0,1.734635,0.8940595,0,0,0,0,0,0,0.7306598,0,0,0,0.7219738,0.7050694,0.7232341,0.6262773,0,0,0,0,0.6375708,0
175,5.030709,0.0263023,9977.617,0,9977.617,0,8000,4.000092,7996,0,NaN,9.635323E+14,NaN,50000,0,50000,0,1.743496,0.8992642,0,0,0,0,0,0,0.7882391,0,0,0,0.611989,0.7630792,0.3320737,0.473899,0,0,0,0,0.3686481,0
176,5.056718,0.0260087,9977.618,0,9977.618,0,8000,4.000092,7996,0,NaN,9.635324E+14,NaN,50000,0,50000,0,1.754768,0.9055688,0,0,0,0,0,0,0.6044714,0,0,0,0.5567721,0.3775398,0.7193562,0.4719317,0,0,0,0,0.6076903,0
177,5.082771,0.026053,9977.617,0,9977.617,0,8000,4.000092,7996,0,NaN,9.635323E+14,NaN,50000,0,50000,0,1.764908,0.9109754,0,0,0,0,0,0,0.4574696,0,0,0,0.7706742,0.6365852,0.5408106,0.58032,0,0,0,0,0.517739,0
178,5.109174,0.0264029,9977.618,0,9977.618,0,8000,4.000092,7996,0,NaN,9.635324E+14,NaN,50000,0,50000,0,1.775734,0.9169891,0,0,0,0,0,0,0.4957963,0,0,0,0.6163754,0.699148,0.6401148,0.5568002,0,0,0,0,0.3768298,0
179,5.135639,0.0264648,9977.613,0,9977.613,0,8000,4.000092,7996,0,NaN,9.635319E+14,NaN,50000,0,50000,0,1.784349,0.9217101,0,0,0,0,0,0,0.641692,0,0,0,0.4692722,0.4550685,0.3775707,0.4279132,0,0,0,0,0.6560352,0
180,5.161798,0.0261599,9977.619,0,9977.619,0,8000,4.000092,7996,0,NaN,9.635324E+14,NaN,50000,0,50000,0,1.790915,0.925026,0,0,0,0,0,0,0.5079323,0,0,0,0.5509859,0.4823467,0.626609,0.7265043,0,0,0,0,0.4767291,0
181,5.187863,0.0260642,9977.62,0,9977.62,0,8000,4.000092,7996,0,NaN,9.635326E+14,NaN,50000,0,50000,0,1.799751,0.9298791,0,0,0,0,0,0,0.3668625,0,0,0,0.4474927,0.7133881,0.5109141,0.6540657,0,0,0,0,0.5833687,0
182,5.213801,0.0259381,9977.618,0,9977.618,0,8000,4.000092,7996,0,NaN,9.635324E+14,NaN,50000,0,50000,0,1.808424,0.9350744,0,0,0,0,0,0,0.7507983,0,0,0,0.5611144,0.2654897,0.6281574,0.6264542,0,0,0,0,0.425662,0
183,5.23993,0.0261292,9977.615,0,9977.615,0,8000,4.000092,7996,0,NaN,9.635321E+14,NaN,50000,0,50000,0,1.816891,0.9395265,0,0,0,0,0,0,0.6724807,0,0,0,0.5320762,0.5783766,0.9658151,0.5784088,0,0,0,0,0.6115819,0
184,5.266716,0.0267861,9977.614,0,9977.614,0,8000,4.000092,7996,0,NaN,9.63532E+14,NaN,50000,0,50000,0,1.825705,0.9445576,0,0,0,0,0,0,0.6697791,0,0,0,0.3007875,0.3920152,0.4738191,0.3467559,0,0,0,0,0.4234391,0
185,5.292981,0.0262646,9977.61,0,9977.61,0,8000,4.000092,7996,0,NaN,9.635316E+14,NaN,50000,0,50000,0,1.833541,0.9488004,0,0,0,0,0,0,0.5372079,0,0,0,0.6577397,0.5668839,0.5939693,0.5807359,0,0,0,0,0.5800126,0
186,5.319594,0.0266131,9977.612,0,9977.612,0,8000,4.000092,7996,0,NaN,9.635318E+14,NaN,50000,0,50000,0,1.839927,0.9524788,0,0,0,0,0,0,0.6027391,0,0,0,0.4638573,0.410139,0.708754,0.8845746,0,0,0,0,0.7241026,0
187,5.345678,0.0260838,9977.61,0,9977.61,0,8000,4.000092,7996,0,NaN,9.635316E+14,NaN,50000,0,50000,0,1.849679,0.9576923,0,0,0,0,0,0,0.5329659,0,0,0,0.4362072,0.5732125,0.7931758,0.7139435,0,0,0,0,0.5615653,0
188,5.372452,0.0267746,9977.607,0,9977.607,0,8000,4.000092,7996,0,NaN,9.635313E+14,NaN,50000,0,50000,0,1.860162,0.9634401,0,0,0,0,0,0,0.723893,0,0,0,0.3914953,0.577886,0.5624713,0.7752953,0,0,0,0,0.4175286,0
189,5.398918,0.0264654,9977.607,0,9977.607,0,8000,4.000092,7996,0,NaN,9.635313E+14,NaN,50000,0,50000,0,1.870257,0.9690545,0,0,0,0,0,0,0.5666237,0,0,0,0.3479434,0.4735458,0.5641646,0.6193339,0,0,0,0,0.6010643,0
190,5.425122,0.0262041,9977.605,0,9977.605,0,8000,4.000092,7996,0,NaN,9.635312E+14,NaN,50000,0,50000,0,1.879138,0.97388,0,0,0,0,0,0,0.5380682,0,0,0,0.7476406,0.4992429,0.6456472,0.7070121,0,0,0,0,0.5004668,0
191,5.451175,0.0260532,9977.598,0,9977.598,0,8000,4.000092,7996,0,NaN,9.635303E+14,NaN,50000,0,50000,0,1.890165,0.9796272,0,0,0,0,0,0,0.4413735,0,0,0,0.6221109,0.6197496,0.6767654,0.3693826,0,0,0,0,0.6256166,0
192,5.47721,0.026035,9977.602,0,9977.602,0,8000,4.000092,7996,0,NaN,9.635307E+14,NaN,50000,0,50000,0,1.897921,0.9839817,0,0,0,0,0,0,0.5133756,0,0,0,0.3292606,0.7380251,0.7456958,0.4689647,0,0,0,0,0.5774515,0
193,5.503471,0.0262607,9977.606,0,9977.606,0,8000,4.000092,7996,0,NaN,9.635312E+14,NaN,50000,0,50000,0,1.906962,0.9891771,0,0,0,0,0,0,0.5012195,0,0,0,0.7932177,0.5635803,0.393701,0.4585715,0,0,0,0,0.575081,0
194,5.529591,0.0261204,9977.597,0,9977.597,0,8000,4.000092,7996,0,NaN,9.635303E+14,NaN,50000,0,50000,0,1.914371,0.9928035,0,0,0,0,0,0,0.563948,0,0,0,0.7725576,0.5664178,0.4285434,0.7209017,0,0,0,0,0.5294999,0
195,5.555815,0.0262235,9977.595,0,9977.595,0,8000,4.000092,7996,0,NaN,9.635301E+14,NaN,50000,0,50000,0,1.922394,0.9970956,0,0,0,0,0,0,0.9310274,0,0,0,0.5884429,0.5471681,0.2074882,0.5371657,0,0,0,0,0.6330073,0
196,5.582757,0.0269422,9977.599,0,9977.599,0,8000,4.000092,7996,0,NaN,9.635305E+14,NaN,50000,0,50000,0,1.92798,1.000277,0,0,0,0,0,0,0.5273049,0,0,0,0.4209821,0.5153107,0.615401,0.5882967,0,0,0,0,0.6723791,0
197,5.608939,0.0261818,9977.6,0,9977.6,0,8000,4.000092,7996,0,NaN,9.635305E+14,NaN,50000,0,50000,0,1.939815,1.006328,0,0,0,0,0,0,0.525784,0,0,0,0.4402939,0.7246073,0.7144271,0.6146241,0,0,0,0,0.4377068,0
198,5.635746,0.0268073,9977.605,0,9977.605,0,8000,4.000092,7996,0,NaN,9.635312E+14,NaN,50000,0,50000,0,1.948449,1.011132,0,0,0,0,0,0,0.5985552,0,0,0,0.6312764,0.7856601,0.4453985,0.8206407,0,0,0,0,0.5209637,0
199,5.662185,0.0264387,9977.604,0,9977.604,0,8000,4.000092,7996,0,NaN,9.635309E+14,NaN,50000,0,50000,0,1.955653,1.01506,0,0,0,0,0,0,0.6382596,0,0,0,0.6395249,0.8377716,0.641305,0.5137113,0,0,0,0,0.6682473,0
200,5.688377,0.0261929,9977.603,0,9977.603,0,8000,4.000092,7996,0,NaN,9.635308E+14,NaN,50000,0,50000,0,1.960647,1.018364,0,0,0,0,0,0,0.6977412,0,0,0,0.7220161,0.4306373,0.5427373,0.7597767,0,0,0,0,0.6227468,0
201,5.714799,0.026422,9977.604,0,9977.604,0,8000,4.000092,7996,0,NaN,9.63531E+14,NaN,50000,0,50000,0,1.968885,1.022722,0,0,0,0,0,0,0.7078224,0,0,0,0.8026162,0.5484197,0.5223912,0.6612268,0,0,0,0,0.567937,0
202,5.740883,0.0260831,9977.604,0,9977.604,0,8000,4.000092,7996,0,NaN,9.635309E+14,NaN,50000,0,50000,0,1.975908,1.026392,0,0,0,0,0,0,0.7322286,0,0,0,0.6123562,0.50062,0.6837808,0.6634129,0,0,0,0,0.5948692,0
203,5.767676,0.0267933,9977.602,0,9977.602,0,8000,4.000092,7996,0,NaN,9.635307E+14,NaN,50000,0,50000,0,1.985304,1.031206,0,0,0,0,0,0,0.5700995,0,0,0,0.3494304,0.4907331,0.538389,0.4915984,0,0,0,0,0.6611942,0
204,5.793563,0.0258872,9977.604,0,9977.604,0,8000,4.000092,7996,0,NaN,9.63531E+14,NaN,50000,0,50000,0,1.995356,1.036359,0,0,0,0,0,0,0.673896,0,0,0,0.6652786,0.9133233,0.5865049,0.4489007,0,0,0,0,0.7849634,0
205,5.819577,0.0260142,9977.606,0,9977.606,0,8000,4.000092,7996,0,NaN,9.635312E+14,NaN,50000,0,50000,0,2.002743,1.040752,0,0,0,0,0,0,0.5908762,0,0,0,0.6602347,0.4361746,0.6818123,0.45711,0,0,0,0,0.8254653,0
206,5.845767,0.0261903,9977.608,0,9977.608,0,8000,4.000092,7996,0,NaN,9.635314E+14,NaN,50000,0,50000,0,2.009439,1.044972,0,0,0,0,0,0,0.7568097,0,0,0,0.3758682,0.4360078,0.6587517,0.505528,0,0,0,0,0.4875384,0
207,5.872115,0.0263474,9977.603,0,9977.603,0,8000,4.000092,7996,0,NaN,9.635308E+14,NaN,50000,0,50000,0,2.015944,1.048338,0,0,0,0,0,0,0.7376441,0,0,0,0.6728008,0.5965737,0.6405197,0.4370937,0,0,0,0,0.6075967,0
208,5.898559,0.0264434,9977.606,0,9977.606,0,8000,4.000092,7996,0,NaN,9.635312E+14,NaN,50000,0,50000,0,2.024556,1.052766,0,0,0,0,0,0,0.7363853,0,0,0,0.6174571,0.7273595,0.6553206,0.8258105,0,0,0,0,0.361178,0
209,5.925146,0.0265869,9977.607,0,9977.607,0,8000,4.000092,7996,0,NaN,9.635313E+14,NaN,50000,0,50000,0,2.031395,1.056793,0,0,0,0,0,0,0.3742786,0,0,0,0.6196579,0.5987783,0.4722859,0.4349832,0,0,0,0,0.6033404,0
210,5.951903,0.0267574,9977.602,0,9977.602,0,8000,4.000092,7996,0,NaN,9.635307E+14,NaN,50000,0,50000,0,2.039012,1.060889,0,0,0,0,0,0,0.5489028,0,0,0,0.4672951,0.7320835,0.5595362,0.7604414,0,0,0,0,0.5862594,0
211,5.977869,0.0259656,9977.603,0,9977.603,0,8000,4.000092,7996,0,NaN,9.635308E+14,NaN,50000,0,50000,0,2.049814,1.066926,0,0,0,0,0,0,0.3276289,0,0,0,0.4189009,0.5747749,0.3489042,0.3125198,0,0,0,0,0.8484848,0
212,6.004047,0.0261785,9977.604,0,9977.604,0,8000,4.000092,7996,0,NaN,9.635309E+14,NaN,50000,0,50000,0,2.055307,1.069562,0,0,0,0,0,0,0.5826127,0,0,0,0.699461,0.7502792,0.6488007,0.5547751,0,0,0,0,0.2635795,0
213,6.029997,0.0259503,9977.603,0,9977.603,0,8000,4.000092,7996,0,NaN,9.635308E+14,NaN,50000,0,50000,0,2.062332,1.073631,0,0,0,0,0,0,0.7285874,0,0,0,0.5475938,0.6552899,0.8757194,0.6220252,0,0,0,0,0.5161557,0
214,6.05616,0.026163,9977.595,0,9977.595,0,8000,4.000092,7996,0,NaN,9.635301E+14,NaN,50000,0,50000,0,2.069565,1.078111,0,0,0,0,0,0,0.5480966,0,0,0,0.644574,0.8101203,0.7859324,0.6291033,0,0,0,0,0.8409248,0
215,6.082887,0.026727,9977.592,0,9977.592,0,8000,4.000092,7996,0,NaN,9.635298E+14,NaN,50000,0,50000,0,2.075556,1.081598,0,0,0,0,0,0,0.5735226,0,0,0,0.412014,0.6019902,0.5528643,0.4780588,0,0,0,0,0.5939159,0
216,6.109341,0.0264537,9977.591,0,9977.591,0,8000,4.000092,7996,0,NaN,9.635297E+14,NaN,50000,0,50000,0,2.080815,1.084744,0,0,0,0,0,0,0.3855591,0,0,0,0.8717725,0.5876421,0.6938772,0.560916,0,0,0,0,0.461215,0
217,6.135841,0.0265,9977.589,0,9977.589,0,8000,4.000092,7996,0,NaN,9.635295E+14,NaN,50000,0,50000,0,2.08813,1.089,0,0,0,0,0,0,0.6532577,0,0,0,0.4089262,0.5367979,0.5408655,0.4620506,0,0,0,0,0.4603532,0
218,6.162581,0.0267402,9977.58,0,9977.58,0,8000,4.000092,7996,0,NaN,9.635287E+14,NaN,50000,0,50000,0,2.095477,1.093324,0,0,0,0,0,0,0.5724718,0,0,0,0.4072278,0.5416797,0.6209174,0.6817918,0,0,0,0,0.5199942,0
219,6.18946,0.0268789,9977.582,0,9977.582,0,8000,4.000092,7996,0,NaN,9.635289E+14,NaN,50000,0,50000,0,2.103089,1.097793,0,0,0,0,0,0,0.4615404,0,0,0,0.4364118,0.6488551,0.48315,0.509262,0,0,0,0,0.4879106,0
220,6.216099,0.0266386,9977.586,0,9977.586,0,8000,4.000092,7996,0,NaN,9.635293E+14,NaN,50000,0,50000,0,2.109711,1.101579,0,0,0,0,0,0,0.7414348,0,0,0,0.4975259,0.4132886,0.5084879,0.5729302,0,0,0,0,0.5537205,0
221,6.242042,0.0259431,9977.58,0,9977.58,0,8000,4.000092,7996,0,NaN,9.635287E+14,NaN,50000,0,50000,0,2.118474,1.106338,0,0,0,0,0,0,0.5210925,0,0,0,0.5022044,0.4451983,0.5503543,0.5952103,0,0,0,0,0.5533737,0
222,6.268494,0.026452,9977.578,0,9977.578,0,8000,4.000092,7996,0,NaN,9.635285E+14,NaN,50000,0,50000,0,2.12583,1.110999,0,0,0,0,0,0,0.4387002,0,0,0,0.7502379,0.5649144,0.5363117,0.5277181,0,0,0,0,0.547318,0
223,6.294584,0.0260907,9977.585,0,9977.585,0,8000,4.000092,7996,0,NaN,9.635291E+14,NaN,50000,0,50000,0,2.130235,1.11371,0,0,0,0,0,0,0.5552155,0,0,0,0.3378364,0.3529712,0.4133828,0.4828374,0,0,0,0,0.4471207,0
224,6.320673,0.0260893,9977.584,0,9977.584,0,8000,4.000092,7996,0,NaN,9.635291E+14,NaN,50000,0,50000,0,2.137657,1.118249,0,0,0,0,0,0,0.3949322,0,0,0,0.3095214,0.7469324,0.657687,0.8260706,0,0,0,0,0.2914592,0
225,6.346821,0.0261475,9977.581,0,9977.581,0,8000,4.000092,7996,0,NaN,9.635288E+14,NaN,50000,0,50000,0,2.144424,1.122178,0,0,0,0,0,0,0.9663256,0,0,0,0.6538728,0.4936295,0.5774056,0.4242285,0,0,0,0,0.8337923,0
226,6.372987,0.0261655,9977.588,0,9977.588,0,8000,4.000092,7996,0,NaN,9.635294E+14,NaN,50000,0,50000,0,2.147506,1.124084,0,0,0,0,0,0,0.5777125,0,0,0,0.6887674,0.4184003,0.6585016,0.5856709,0,0,0,0,0.5193243,0
227,6.399453,0.0264666,9977.586,0,9977.586,0,8000,4.000092,7996,0,NaN,9.635293E+14,NaN,50000,0,50000,0,2.153631,1.127334,0,0,0,0,0,0,0.6482291,0,0,0,0.7408059,0.5744413,0.5012941,0.7096878,0,0,0,0,0.6053634,0
228,6.425815,0.0263612,9977.583,0,9977.583,0,8000,4.000092,7996,0,NaN,9.635289E+14,NaN,50000,0,50000,0,2.158655,1.13046,0,0,0,0,0,0,0.47671,0,0,0,0.4397722,0.4886675,0.5954979,0.3939801,0,0,0,0,0.6180395,0
229,6.452409,0.0265943,9977.585,0,9977.585,0,8000,4.000092,7996,0,NaN,9.635291E+14,NaN,50000,0,50000,0,2.168515,1.135547,0,0,0,0,0,0,0.6965216,0,0,0,0.5927188,0.6904803,0.5614354,0.7839502,0,0,0,0,0.5060077,0
230,6.478283,0.0258746,9977.581,0,9977.581,0,8000,4.000092,7996,0,NaN,9.635288E+14,NaN,50000,0,50000,0,2.173784,1.138351,0,0,0,0,0,0,0.7453855,0,0,0,0.929947,0.6490014,0.4615819,0.7386491,0,0,0,0,0.7037194,0
231,6.504373,0.0260899,9977.581,0,9977.581,0,8000,4.000092,7996,0,NaN,9.635288E+14,NaN,50000,0,50000,0,2.179411,1.141509,0,0,0,0,0,0,0.416124,0,0,0,0.7617945,0.6110421,0.5359583,0.6200845,0,0,0,0,0.7079633,0
232,6.530524,0.0261504,9977.583,0,9977.583,0,8000,4.000092,7996,0,NaN,9.635289E+14,NaN,50000,0,50000,0,2.186734,1.146204,0,0,0,0,0,0,0.628334,0,0,0,0.296779,0.3991899,0.46077,0.4883929,0,0,0,0,0.8135982,0
233,6.616018,0.0854946,9977.583,0,9977.583,0,8000,4.000092,7996,0,NaN,9.635289E+14,NaN,50000,0,50000,0,2.193893,1.150329,0,0,0,0,0,0,0.2466639,0,0,0,0.2147419,0.2790361,0.2145938,0.2078557,0,0,0,0,0.249621,0
234,6.642256,0.0262374,9977.587,0,9977.587,0,8000,4.000092,7996,0,NaN,9.635293E+14,NaN,50000,0,50000,0,2.200812,1.1543,0,0,0,0,0,0,0.7945973,0,0,0,0.5056149,0.4809934,0.6272942,0.3945566,0,0,0,0,0.3810216,0
235,6.66857,0.0263145,9977.589,0,9977.589,0,8000,4.000092,7996,0,NaN,9.635295E+14,NaN,50000,0,50000,0,2.209067,1.15893,0,0,0,0,0,0,0.5440712,0,0,0,0.889895,0.5214351,0.5094726,0.7177237,0,0,0,0,0.7017167,0
236,6.694594,0.0260241,9977.581,0,9977.581,0,8000,4.000092,7996,0,NaN,9.635288E+14,NaN,50000,0,50000,0,2.211709,1.160517,0,0,0,0,0,0,0.8722796,0,0,0,0.5189587,0.8062699,0.721842,0.6755339,0,0,0,0,0.819185,0
237,6.721249,0.0266541,9977.574,0,9977.574,0,8000,4.000092,7996,0,NaN,9.635281E+14,NaN,50000,0,50000,0,2.218489,1.164689,0,0,0,0,0,0,0.7326214,0,0,0,0.5457941,0.5750557,0.4322548,0.657203,0,0,0,0,0.4431093,0
238,6.747577,0.0263289,9977.576,0,9977.576,0,8000,4.000092,7996,0,NaN,9.635283E+14,NaN,50000,0,50000,0,2.225513,1.168704,0,0,0,0,0,0,0.5502185,0,0,0,0.4480944,0.3935688,0.4491786,0.3004886,0,0,0,0,0.9422375,0
239,6.774316,0.0267383,9977.573,0,9977.573,0,8000,4.000092,7996,0,NaN,9.63528E+14,NaN,50000,0,50000,0,2.235485,1.174151,0,0,0,0,0,0,0.5015924,0,0,0,0.6865735,0.7062147,0.5264406,0.5272905,0,0,0,0,0.8740722,0
240,6.801043,0.0267272,9977.578,0,9977.578,0,8000,4.000092,7996,0,NaN,9.635285E+14,NaN,50000,0,50000,0,2.239703,1.177452,0,0,0,0,0,0,0.4323672,0,0,0,0.4746691,0.7516679,0.3613318,0.7511842,0,0,0,0,0.4502004,0
241,6.829377,0.0283341,9977.58,0,9977.58,0,8000,4.000092,7996,0,NaN,9.635287E+14,NaN,50000,0,50000,0,2.250342,1.183533,0,0,0,0,0,0,0.6865425,0,0,0,0.6918977,0.5175968,0.4326583,0.6324944,0,0,0,0,0.5888991,0
242,6.8566,0.0272235,9977.583,0,9977.583,0,8000,4.000092,7996,0,NaN,9.635289E+14,NaN,50000,0,50000,0,2.25475,1.186104,0,0,0,0,0,0,0.4501993,0,0,0,0.5573159,0.6534374,0.3405307,0.6015418,0,0,0,0,0.4247048,0
243,6.882939,0.0263391,9977.58,0,9977.58,0,8000,4.000092,7996,0,NaN,9.635287E+14,NaN,50000,0,50000,0,2.262929,1.190347,0,0,0,0,0,0,0.3827169,0,0,0,0.6659358,0.3997173,0.6987981,0.6554267,0,0,0,0,0.4170171,0
244,6.909112,0.0261723,9977.581,0,9977.581,0,8000,4.000092,7996,0,NaN,9.635288E+14,NaN,50000,0,50000,0,2.266254,1.19262,0,0,0,0,0,0,0.6792868,0,0,0,0.7350602,0.6719844,0.3757108,0.4337973,0,0,0,0,0.2492972,0
